Title,Location,Link
2019-2020 Software Developer Summer Intern (OCI),"Seattle, WA","https://www.indeed.com/jobs?q=python+developer&l=Seattle,+WA&sort=date&limit=50&radius=25&vjk=45c6d436b513362b"
DevOps Engineer - Remote From Seattle or Portland Area,"Seattle, WA","https://www.indeed.com/jobs?q=python+developer&l=Seattle,+WA&sort=date&limit=50&radius=25&vjk=fb8508cea3da2c3b"
Bigdata/Hadoop Developer with Azure,"Seattle, WA","https://www.indeed.com/jobs?q=python+developer&l=Seattle,+WA&sort=date&limit=50&radius=25&vjk=95a102adbd45004e"
Software Engineer,"Bellevue, WA","https://www.indeed.com/jobs?q=python+developer&l=Seattle,+WA&sort=date&limit=50&radius=25&vjk=829d114d1042fbfa"
"senior full-stack engineer, Emerging Technology, Starbucks Technology - Seattle, WA","Seattle, WA","https://www.indeed.com/jobs?q=python+developer&l=Seattle,+WA&sort=date&limit=50&radius=25&vjk=e4f428a863a65290"
Java Software Engineer,"Redmond, WA","https://www.indeed.com/jobs?q=python+developer&l=Seattle,+WA&sort=date&limit=50&radius=25&vjk=433c9e2da98780a5"
Senior Software Engineer,"Bellevue, WA","https://www.indeed.com/jobs?q=python+developer&l=Seattle,+WA&sort=date&limit=50&radius=25&vjk=87205213a36e12e3"
CONTRACT - Senior Software Engineer (NTD),"Redmond, WA","https://www.indeed.com/jobs?q=python+developer&l=Seattle,+WA&sort=date&limit=50&radius=25&vjk=b8e12687a018ed77"
"Staff Software Engineer, Investor Services","Seattle, WA","https://www.indeed.com/jobs?q=python+developer&l=Seattle,+WA&sort=date&limit=50&radius=25&vjk=c4df637e4392ba47"
Senior Software Engineer,"Kirkland, WA","https://www.indeed.com/jobs?q=python+developer&l=Seattle,+WA&sort=date&limit=50&radius=25&vjk=013a41bc91c44e9f"
Lead Software Development Engineer in Test - Lowe's Innovation Labs,"Kirkland, WA","https://www.indeed.com/jobs?q=python+developer&l=Seattle,+WA&sort=date&limit=50&radius=25&vjk=36f6678c404bf1c1"
Site Reliability Engineer,"Seattle, WA","https://www.indeed.com/jobs?q=python+developer&l=Seattle,+WA&sort=date&limit=50&radius=25&vjk=eba06643519cbd38"
Lead Full Stack Developer,"Seattle, WA","https://www.indeed.com/jobs?q=python+developer&l=Seattle,+WA&sort=date&limit=50&radius=25&vjk=81ec155c24294f5e"
VR Engineer,"Kirkland, WA","https://www.indeed.com/jobs?q=python+developer&l=Seattle,+WA&sort=date&limit=50&radius=25&vjk=e2ea545890372117"
"Sr. Manager, Software Engineering","Kent, WA","https://www.indeed.com/jobs?q=python+developer&l=Seattle,+WA&sort=date&limit=50&radius=25&vjk=efcdde840012bc14"
Machine Learning Engineer- Security,"Seattle, WA","https://www.indeed.com/jobs?q=python+developer&l=Seattle,+WA&sort=date&limit=50&radius=25&vjk=6a83dc7e7e5aa610"
Software Developer 双语软件开发师,"Bellevue, WA","https://www.indeed.com/jobs?q=python+developer&l=Seattle,+WA&sort=date&limit=50&radius=25&vjk=6ff9bb7d4f04f7eb"
Site Reliability Engineer,"Seattle, WA","https://www.indeed.com/jobs?q=python+developer&l=Seattle,+WA&sort=date&limit=50&radius=25&vjk=d589f11ae2d2274c"
SDE I,"Seattle, WA","https://www.indeed.com/jobs?q=python+developer&l=Seattle,+WA&sort=date&limit=50&radius=25&vjk=000be214349622de"
Software Developer Engineer,"Seattle, WA","https://www.indeed.com/jobs?q=python+developer&l=Seattle,+WA&sort=date&limit=50&radius=25&vjk=85e79f96b1b855af"
Staff Software Engineer,"Seattle, WA","https://www.indeed.com/jobs?q=python+developer&l=Seattle,+WA&sort=date&limit=50&radius=25&vjk=9c3b2642aafe1284"
"Frontend Engineer, Amazon SageMaker","Seattle, WA","https://www.indeed.com/jobs?q=python+developer&l=Seattle,+WA&sort=date&limit=50&radius=25&vjk=56a8eefaec4de753"
Software Development Engineer - Selection Monitoring,"Seattle, WA","https://www.indeed.com/jobs?q=python+developer&l=Seattle,+WA&sort=date&limit=50&radius=25&vjk=50b5cb8583de999f"
Senior Software Engineer,"Seattle, WA","https://www.indeed.com/jobs?q=python+developer&l=Seattle,+WA&sort=date&limit=50&radius=25&vjk=40fed376dee40afc"
Software Development Engineer,"Seattle, WA","https://www.indeed.com/jobs?q=python+developer&l=Seattle,+WA&sort=date&limit=50&radius=25&vjk=1e220cf50fd63b9d"
Software Development Engineer,"Seattle, WA","https://www.indeed.com/jobs?q=python+developer&l=Seattle,+WA&sort=date&limit=50&radius=25&vjk=4402e8549c857f9d"
Software Development Engineer - SCOT Forecasting,"Seattle, WA","https://www.indeed.com/jobs?q=python+developer&l=Seattle,+WA&sort=date&limit=50&radius=25&vjk=df711f28212b5f38"
Senior DevOps Engineer,"Seattle, WA","https://www.indeed.com/jobs?q=python+developer&l=Seattle,+WA&sort=date&limit=50&radius=25&vjk=aeff80d3b4bf81d4"
Live Event Services - Software Development Engineer (Prime Video),"Seattle, WA","https://www.indeed.com/jobs?q=python+developer&l=Seattle,+WA&sort=date&limit=50&radius=25&vjk=d659140e33300334"
Software Development Engineer – Alexa AI,"Seattle, WA","https://www.indeed.com/jobs?q=python+developer&l=Seattle,+WA&sort=date&limit=50&radius=25&vjk=2e1a2b31d732fde6"
Senior Embedded Software Engineer,"Seattle, WA","https://www.indeed.com/jobs?q=python+developer&l=Seattle,+WA&sort=date&limit=50&radius=25&vjk=b238ba9f47195ea5"
Software Development Engineer – Alexa AI,"Seattle, WA","https://www.indeed.com/jobs?q=python+developer&l=Seattle,+WA&sort=date&limit=50&radius=25&vjk=2e1a2b31d732fde6"
"Software Development Engineer II, AWS SageMaker Studio Core Platform","Seattle, WA","https://www.indeed.com/jobs?q=python+developer&l=Seattle,+WA&sort=date&limit=50&radius=25&vjk=9a79a8d4b495d950"
Software Development Engineer - AWS AI,"Seattle, WA","https://www.indeed.com/jobs?q=python+developer&l=Seattle,+WA&sort=date&limit=50&radius=25&vjk=abdc4fd7778095f9"
Systems Engineer - AWS AI Services / Machine Learning,"Seattle, WA","https://www.indeed.com/jobs?q=python+developer&l=Seattle,+WA&sort=date&limit=50&radius=25&vjk=8faa2e82969c3ec2"
"Software Development Engineer, Amazon SageMaker, AWS AmazonAI Machine Learning Platform","Seattle, WA","https://www.indeed.com/jobs?q=python+developer&l=Seattle,+WA&sort=date&limit=50&radius=25&vjk=f80f1d6d84299dd1"
Senior Software Development Engineer - AWS Identity,"Seattle, WA","https://www.indeed.com/jobs?q=python+developer&l=Seattle,+WA&sort=date&limit=50&radius=25&vjk=1335546071e32b2a"
"Senior Software Engineer, AWS SageMaker Studio Core Platform","Seattle, WA","https://www.indeed.com/jobs?q=python+developer&l=Seattle,+WA&sort=date&limit=50&radius=25&vjk=9158b03d3e0ecf40"
"Software Development Engineer 3, Amazon SageMaker ML Frameworks, AWS AmazonAI Machine Learning Platform","Seattle, WA","https://www.indeed.com/jobs?q=python+developer&l=Seattle,+WA&sort=date&limit=50&radius=25&vjk=09c2d2bad6c4b2c9"
"Software Engineer - Python, Microscopy (Temporary Part-Time) – Cell Science","Seattle, WA","https://www.indeed.com/jobs?q=python+developer&l=Seattle,+WA&sort=date&limit=50&radius=25&vjk=9ea570c7631f7263"
Python Engineer,"Tukwila, WA","https://www.indeed.com/jobs?q=python+developer&l=Seattle,+WA&sort=date&limit=50&radius=25&vjk=aebe88877c44190e"
Full Stack Developer - Mobile Applications,"Seattle, WA","https://www.indeed.com/jobs?q=python+developer&l=Seattle,+WA&sort=date&limit=50&radius=25&vjk=980579782afc3484"
PHP Developer,"Tukwila, WA","https://www.indeed.com/jobs?q=python+developer&l=Seattle,+WA&sort=date&limit=50&radius=25&vjk=cd5a48fa3cb8a084"
DATA SOFTWARE ENGINEER,"Seattle, WA","https://www.indeed.com/jobs?q=python+developer&l=Seattle,+WA&sort=date&limit=50&radius=25&vjk=cc5e6a5b908d009c"
Software Development Engineer I- Test,"Seattle, WA","https://www.indeed.com/jobs?q=python+developer&l=Seattle,+WA&sort=date&limit=50&radius=25&vjk=1adcb8112b3e24c0"
Software Development Engineer I- Test,"Seattle, WA","https://www.indeed.com/jobs?q=python+developer&l=Seattle,+WA&sort=date&limit=50&radius=25&vjk=1adcb8112b3e24c0"
Software Development Engineer II,"Seattle, WA","https://www.indeed.com/jobs?q=python+developer&l=Seattle,+WA&sort=date&limit=50&radius=25&vjk=0ff5dbe5dabf71da"
Software Engineer (Cloud Service Development),"Kirkland, WA","https://www.indeed.com/jobs?q=python+developer&l=Seattle,+WA&sort=date&limit=50&radius=25&vjk=301f105ef436c3ca"
Senior SDE (Video Stream),"Kirkland, WA","https://www.indeed.com/jobs?q=python+developer&l=Seattle,+WA&sort=date&limit=50&radius=25&vjk=cfaea1292fb1092b"
Senior Software Engineer,"Seattle, WA","https://www.indeed.com/jobs?q=python+developer&l=Seattle,+WA&sort=date&limit=50&radius=25&vjk=0b371f5a5db27470"
Senior Programmer Writer,"Seattle, WA","https://www.indeed.com/jobs?q=python+developer&l=Seattle,+WA&sort=date&limit=50&radius=25&vjk=4e8893995c9341c2"
"Senior Software Development Engineer- Telemetry, Open Source","Seattle, WA","https://www.indeed.com/jobs?q=python+developer&l=Seattle,+WA&sort=date&limit=50&radius=25&vjk=6629a0c3d7ba351a"
"Sr. Fullstack Software Engineer, Admin Tools Engineering","Seattle, WA","https://www.indeed.com/jobs?q=python+developer&l=Seattle,+WA&sort=date&limit=50&radius=25&vjk=747c861b9950cfcc"
Security Consultant,"Bellevue, WA","https://www.indeed.com/jobs?q=python+developer&l=Seattle,+WA&sort=date&limit=50&radius=25&vjk=76269fc51179a4cd"
Senior Software Development Engineer - Development Experience,"Seattle, WA","https://www.indeed.com/jobs?q=python+developer&l=Seattle,+WA&sort=date&limit=50&radius=25&vjk=2cef5452708c5201"
DevOps Engineer,"Seattle, WA","https://www.indeed.com/jobs?q=python+developer&l=Seattle,+WA&sort=date&limit=50&radius=25&vjk=74f3253f60a35e6d"
Software Development Engineer ( Full Stack),"Seattle, WA","https://www.indeed.com/jobs?q=python+developer&l=Seattle,+WA&sort=date&limit=50&radius=25&vjk=886f60402f5bbfe3"
System Development Engineer- AWS Enterprise Engineering,"Bellevue, WA","https://www.indeed.com/jobs?q=python+developer&l=Seattle,+WA&sort=date&limit=50&radius=25&vjk=1afa7214c89394e4"
Principal Analytics Platform Specialist - West Region,"Seattle, WA","https://www.indeed.com/jobs?q=python+developer&l=Seattle,+WA&sort=date&limit=50&radius=25&vjk=80d370c2ee47ace9"
Security Engineer II - Red Team,"Redmond, WA","https://www.indeed.com/jobs?q=python+developer&l=Seattle,+WA&sort=date&limit=50&radius=25&vjk=4788edb9b5b996da"
Senior Data Engineer - Data Streaming,"Seattle, WA","https://www.indeed.com/jobs?q=python+developer&l=Seattle,+WA&sort=date&limit=50&radius=25&vjk=d3f97e2eebf3eecf"
"Senior Software Engineer (Cloud Service Development, DevOps & Infrastructure)","Kirkland, WA","https://www.indeed.com/jobs?q=python+developer&l=Seattle,+WA&sort=date&limit=50&radius=25&vjk=582c038da9ebd141"
"Software Development Engineer, Amazon Alexa Identity","Seattle, WA","https://www.indeed.com/jobs?q=python+developer&l=Seattle,+WA&sort=date&limit=50&radius=25&vjk=f1bda6d6dd3f68c2"
Sr. Software Development Engineer - Alexa Skills Kit,"Seattle, WA","https://www.indeed.com/jobs?q=python+developer&l=Seattle,+WA&sort=date&limit=50&radius=25&vjk=3050bd00deb34292"
Principal Product Manager,"Seattle, WA","https://www.indeed.com/jobs?q=python+developer&l=Seattle,+WA&sort=date&limit=50&radius=25&vjk=83d025bae463ce85"
Senior Product Manager - AWS AI,"Seattle, WA","https://www.indeed.com/jobs?q=python+developer&l=Seattle,+WA&sort=date&limit=50&radius=25&vjk=82271e62133476c2"
"Senior Product Manager - Technical, Computer Vision","Seattle, WA","https://www.indeed.com/jobs?q=python+developer&l=Seattle,+WA&sort=date&limit=50&radius=25&vjk=921c9ef2fa7e5f51"
Python Developer,"Seattle, WA","https://www.indeed.com/jobs?q=python+developer&l=Seattle,+WA&sort=date&limit=50&radius=25&vjk=86ebd856cac54abf"
Tableau Developer,"Bellevue, WA","https://www.indeed.com/jobs?q=python+developer&l=Seattle,+WA&sort=date&limit=50&radius=25&vjk=87a84148d60febd5"
React Developer,"Seattle, WA","https://www.indeed.com/jobs?q=python+developer&l=Seattle,+WA&sort=date&limit=50&radius=25&vjk=85221ee565ae8cb1"
Software Developer,"Bellevue, WA","https://www.indeed.com/jobs?q=python+developer&l=Seattle,+WA&sort=date&limit=50&radius=25&vjk=f0e1fdb9595d893f"
Backend Developer,"Bellevue, WA","https://www.indeed.com/jobs?q=python+developer&l=Seattle,+WA&sort=date&limit=50&radius=25&vjk=c2905c8fcac6c7f1"
Java Application Developer,"Seattle, WA","https://www.indeed.com/jobs?q=python+developer&l=Seattle,+WA&sort=date&limit=50&radius=25&vjk=c6c7b9324f42185f"
Full Stack Develope,"Bellevue, WA","https://www.indeed.com/jobs?q=python+developer&l=Seattle,+WA&sort=date&limit=50&radius=25&vjk=1532ebec67f89fda"
AI/ML Platform & Engineering - Software Engineer,"Seattle, WA","https://www.indeed.com/jobs?q=python+developer&l=Seattle,+WA&sort=date&limit=50&radius=25&vjk=5c52589f38a049b5"
Tableau Desktop Specialist (Only local to WA),"Bellevue, WA","https://www.indeed.com/jobs?q=python+developer&l=Seattle,+WA&sort=date&limit=50&radius=25&vjk=a2f43b85727711d5"
(HBCU)-Software Engineer 2,"Redmond, WA","https://www.indeed.com/jobs?q=python+developer&l=Seattle,+WA&sort=date&limit=50&radius=25&vjk=9038fd2a2045064a"
Senior Software Developer - Generalist,"Seattle, WA","https://www.indeed.com/jobs?q=python+developer&l=Seattle,+WA&sort=date&limit=50&radius=25&vjk=03529cf4c13c06f2"
Systems Software Engineer,"Seattle, WA","https://www.indeed.com/jobs?q=python+developer&l=Seattle,+WA&sort=date&limit=50&radius=25&vjk=4e0b20239361d666"
Software Engineer,"Redmond, WA","https://www.indeed.com/jobs?q=python+developer&l=Seattle,+WA&sort=date&limit=50&radius=25&vjk=4e07859a1ad8c3a1"
Cleared Site Reliability Developer 3 (Join_NS2),"Seattle, WA","https://www.indeed.com/jobs?q=python+developer&l=Seattle,+WA&sort=date&limit=50&radius=25&vjk=cad44fee9b2bff54"
Software Development Engineer in Test - Alexa Software,"Seattle, WA","https://www.indeed.com/jobs?q=python+developer&l=Seattle,+WA&sort=date&limit=50&radius=25&vjk=b348ee766eb9322a"
Software Development Engineer,"Seattle, WA","https://www.indeed.com/jobs?q=python+developer&l=Seattle,+WA&sort=date&limit=50&radius=25&vjk=843b0e9db3d36230"
Senior Software Engineer,"Redmond, WA","https://www.indeed.com/jobs?q=python+developer&l=Seattle,+WA&sort=date&limit=50&radius=25&vjk=1f692cde64c96b14"
Software Development Engineer in Test 2,"Seattle, WA","https://www.indeed.com/jobs?q=python+developer&l=Seattle,+WA&sort=date&limit=50&radius=25&vjk=04c83f96cab2eb39"
"Software Development Engineer, EKS","Seattle, WA","https://www.indeed.com/jobs?q=python+developer&l=Seattle,+WA&sort=date&limit=50&radius=25&vjk=608796aef3b1db78"
Software Development Engineer- Amazon Prime Video,"Seattle, WA","https://www.indeed.com/jobs?q=python+developer&l=Seattle,+WA&sort=date&limit=50&radius=25&vjk=8fb37e843d671153"
Site Reliability Engineer - CTJ,"Redmond, WA","https://www.indeed.com/jobs?q=python+developer&l=Seattle,+WA&sort=date&limit=50&radius=25&vjk=c4405039e1b2ba8e"
Senior Software Development Engineer,"Seattle, WA","https://www.indeed.com/jobs?q=python+developer&l=Seattle,+WA&sort=date&limit=50&radius=25&vjk=aa5fd44d30dc1fc8"
Principal Software Engineer - Cloud,"Bellevue, WA","https://www.indeed.com/jobs?q=python+developer&l=Seattle,+WA&sort=date&limit=50&radius=25&vjk=a68225be07026240"
React Developer,"Redmond, WA","https://www.indeed.com/jobs?q=python+developer&l=Seattle,+WA&sort=date&limit=50&radius=25&vjk=dcd2e6241ee39dd9"
C# Developer - Identity and Access Management,"Issaquah, WA","https://www.indeed.com/jobs?q=python+developer&l=Seattle,+WA&sort=date&limit=50&radius=25&vjk=647c5240ae607ff8"
Cyber Risk Splunk Senior Consultant,"Seattle, WA","https://www.indeed.com/jobs?q=python+developer&l=Seattle,+WA&sort=date&limit=50&radius=25&vjk=7a35fa0474bdac43"
Senior Software Engineer,"Seattle, WA","https://www.indeed.com/jobs?q=python+developer&l=Seattle,+WA&sort=date&limit=50&radius=25&vjk=2ccea2788671d29d"
C++ Developer,"Bellevue, WA","https://www.indeed.com/jobs?q=python+developer&l=Seattle,+WA&sort=date&limit=50&radius=25&vjk=9a5170489e7592dc"
Freelance Technical Writer (Programming + Software),"Seattle, WA","https://www.indeed.com/jobs?q=python+developer&l=Seattle,+WA&sort=date&limit=50&radius=25&vjk=5438c0b075c93799"
Software Engineer III-10059468,"Redmond, WA","https://www.indeed.com/jobs?q=python+developer&l=Seattle,+WA&sort=date&limit=50&radius=25&vjk=db89ce36c903c187"
Security Engineer,"Seattle, WA","https://www.indeed.com/jobs?q=python+developer&l=Seattle,+WA&sort=date&limit=50&radius=25&vjk=0725728443925dc0"
Software Development Engineer,"Seattle, WA","https://www.indeed.com/jobs?q=python+developer&l=Seattle,+WA&sort=date&limit=50&radius=25&vjk=4af9f68b7919cccd"
Senior Software Engineer,"Seattle, WA","https://www.indeed.com/jobs?q=python+developer&l=Seattle,+WA&sort=date&limit=50&radius=25&vjk=95c8e2de8adebcde"
Machine Learning Engineer,"Seattle, WA","https://www.indeed.com/jobs?q=python+developer&l=Seattle,+WA&sort=date&limit=50&radius=25&vjk=bfe3fff4ca62e7f9"
Sr. Software Development Engineer - AWS WAF,"Seattle, WA","https://www.indeed.com/jobs?q=python+developer&l=Seattle,+WA&sort=date&limit=50&radius=25&vjk=116db338d311b36b"
"Build Engineer - Python, Bamboo, Jenkins, Cloud Security, AWS","Kirkland, WA","https://www.indeed.com/jobs?q=python+developer&l=Seattle,+WA&sort=date&limit=50&radius=25&vjk=efdbed893152d678"
Backend Engineer - Remote,"Seattle, WA","https://www.indeed.com/jobs?q=python+developer&l=Seattle,+WA&sort=date&limit=50&radius=25&vjk=b331398a753dcd5a"
Data Engineer,"Bellevue, WA","https://www.indeed.com/jobs?q=python+developer&l=Seattle,+WA&sort=date&limit=50&radius=25&vjk=ef43d1ea4cacef5d"
Python Test Automation Engineer,"Redmond, WA","https://www.indeed.com/jobs?q=python+developer&l=Seattle,+WA&sort=date&limit=50&radius=25&vjk=b1c40c38796626aa"
Data Engineer,"Bellevue, WA","https://www.indeed.com/jobs?q=python+developer&l=Seattle,+WA&sort=date&limit=50&radius=25&vjk=ef43d1ea4cacef5d"
Front End Engineer,"Seattle, WA","https://www.indeed.com/jobs?q=python+developer&l=Seattle,+WA&sort=date&limit=50&radius=25&vjk=a9ee4a155b209d8d"
Software Development Engineer I,"Seattle, WA","https://www.indeed.com/jobs?q=python+developer&l=Seattle,+WA&sort=date&limit=50&radius=25&vjk=2fe0a38df014c381"
Sr. VR Development Engineer,"Kirkland, WA","https://www.indeed.com/jobs?q=python+developer&l=Seattle,+WA&sort=date&limit=50&radius=25&vjk=3d0e7157fab851ee"
Principal Member of Technical Staff- Oracle Cloud Infrastructure team,"Seattle, WA","https://www.indeed.com/jobs?q=python+developer&l=Seattle,+WA&sort=date&limit=50&radius=25&vjk=be13133c236949b6"
Software Dev. Engineer,"Seattle, WA","https://www.indeed.com/jobs?q=python+developer&l=Seattle,+WA&sort=date&limit=50&radius=25&vjk=80cbdb4f20761be8"
FEE II,"Seattle, WA","https://www.indeed.com/jobs?q=python+developer&l=Seattle,+WA&sort=date&limit=50&radius=25&vjk=ea8db5c047a23836"
Sr Front End Engineer,"Seattle, WA","https://www.indeed.com/jobs?q=python+developer&l=Seattle,+WA&sort=date&limit=50&radius=25&vjk=a9e6b8fca784e785"
Software Development Engineer - Rentals by Amazon,"Seattle, WA","https://www.indeed.com/jobs?q=python+developer&l=Seattle,+WA&sort=date&limit=50&radius=25&vjk=c00113f954e537e2"
"Software Development Engineer, Alexa AI -- New Initiative","Seattle, WA","https://www.indeed.com/jobs?q=python+developer&l=Seattle,+WA&sort=date&limit=50&radius=25&vjk=5f921ceb8df95cd6"
Sr. Solutions Architect - Alexa AI Machine Learning Platform,"Seattle, WA","https://www.indeed.com/jobs?q=python+developer&l=Seattle,+WA&sort=date&limit=50&radius=25&vjk=922144189fe7eeb7"
Senior Software Engineer,"Seattle, WA","https://www.indeed.com/jobs?q=python+developer&l=Seattle,+WA&sort=date&limit=50&radius=25&vjk=6303a65c01c27ade"
Azure Devops(Python/Golang),"Bellevue, WA","https://www.indeed.com/jobs?q=python+developer&l=Seattle,+WA&sort=date&limit=50&radius=25&vjk=09df8cf7c6edeb4c"
Senior Front-End Software Engineer - Zillow Home Loans,"Seattle, WA","https://www.indeed.com/jobs?q=python+developer&l=Seattle,+WA&sort=date&limit=50&radius=25&vjk=778485afc7d99e01"
Senior Site Reliability Engineer,"Seattle, WA","https://www.indeed.com/jobs?q=python+developer&l=Seattle,+WA&sort=date&limit=50&radius=25&vjk=e82d45aea56c4290"
Senior Software Development Manager - Agent Connections,"Seattle, WA","https://www.indeed.com/jobs?q=python+developer&l=Seattle,+WA&sort=date&limit=50&radius=25&vjk=23dcaae8c7936cf0"
Software Engineer III/IV - Machine Learning & Algorithms Engineer,"Seattle, WA","https://www.indeed.com/jobs?q=python+developer&l=Seattle,+WA&sort=date&limit=50&radius=25&vjk=e6ac3ae6e6f1233e"
Software Engineer - New Glenn Avionics,"Kent, WA","https://www.indeed.com/jobs?q=python+developer&l=Seattle,+WA&sort=date&limit=50&radius=25&vjk=f3807f40166a795f"
Azure Cloud Engineer II,"Redmond, WA","https://www.indeed.com/jobs?q=python+developer&l=Seattle,+WA&sort=date&limit=50&radius=25&vjk=e35a3a2e47d2a4af"
Full Stack Engineer - Smart Home Machine Learning,"Seattle, WA","https://www.indeed.com/jobs?q=python+developer&l=Seattle,+WA&sort=date&limit=50&radius=25&vjk=c66ecc9af5cda0af"
Software Development Engineer III,"Mountlake Terrace, WA","https://www.indeed.com/jobs?q=python+developer&l=Seattle,+WA&sort=date&limit=50&radius=25&vjk=6b4e4f09204e8348"
Senior Full Stack Software Engineer,"Seattle, WA","https://www.indeed.com/jobs?q=python+developer&l=Seattle,+WA&sort=date&limit=50&radius=25&vjk=c29ca0b03f20a818"
"Software Development Engineer II, CloudTune","Seattle, WA","https://www.indeed.com/jobs?q=python+developer&l=Seattle,+WA&sort=date&limit=50&radius=25&vjk=8363258d67225c47"
AWS Marketplace - Software Development Engineer,"Seattle, WA","https://www.indeed.com/jobs?q=python+developer&l=Seattle,+WA&sort=date&limit=50&radius=25&vjk=f740f6bd610225bb"
Senior Cloud Engineer,United States,"https://www.indeed.com/jobs?q=python+developer&l=Seattle,+WA&sort=date&limit=50&radius=25&vjk=ed35aec765d0d1e7"
Senior Software Engineer - New Glenn Avionics,"Kent, WA","https://www.indeed.com/jobs?q=python+developer&l=Seattle,+WA&sort=date&limit=50&radius=25&vjk=284567e5bded151f"
"Senior Product Manager - Technical, Computer Vision, AWS AI ML","Seattle, WA","https://www.indeed.com/jobs?q=python+developer&l=Seattle,+WA&sort=date&limit=50&radius=25&vjk=6807d88bcbd8802c"
"Senior Product Manager - Technical, Computer Vision, AWS AI ML","Seattle, WA","https://www.indeed.com/jobs?q=python+developer&l=Seattle,+WA&sort=date&limit=50&radius=25&vjk=6807d88bcbd8802c"
Software Developer - entry level,"Seattle, WA","https://www.indeed.com/jobs?q=python+developer&l=Seattle,+WA&sort=date&limit=50&radius=25&vjk=d628bb5b327ee612"
"Tableau Developer(Only Local To Bellevue, WA)","Bellevue, WA","https://www.indeed.com/jobs?q=python+developer&l=Seattle,+WA&sort=date&limit=50&radius=25&vjk=d560d25731d025a7"
"Tableau Developer - Bellevue, WA (Only Local)","Bellevue, WA","https://www.indeed.com/jobs?q=python+developer&l=Seattle,+WA&sort=date&limit=50&radius=25&vjk=7321fb2b6b5b0dfd"
"Software Database Engineer 2- C# , COSMOS (MS2072)","Bellevue, WA","https://www.indeed.com/jobs?q=python+developer&l=Seattle,+WA&sort=date&limit=50&radius=25&vjk=a8fe37d7ff9e3871"
Algorithm Developer,"Bellevue, WA","https://www.indeed.com/jobs?q=python+developer&l=Seattle,+WA&sort=date&limit=50&radius=25&vjk=0b4841cade6318de"
Full-stack Software Engineer,"Seattle, WA","https://www.indeed.com/jobs?q=python+developer&l=Seattle,+WA&sort=date&limit=50&radius=25&vjk=cf1ffd2c0a60da4c"
senior application developer,"Seattle, WA","https://www.indeed.com/jobs?q=python+developer&l=Seattle,+WA&sort=date&limit=50&radius=25&vjk=abafc65a220f6902"
Perl Software Developer,"Seattle, WA","https://www.indeed.com/jobs?q=python+developer&l=Seattle,+WA&sort=date&limit=50&radius=25&vjk=89a8fc2ebab02f70"
Prototyping Developer,"Seattle, WA","https://www.indeed.com/jobs?q=python+developer&l=Seattle,+WA&sort=date&limit=50&radius=25&vjk=f250e6bf9f070d37"
Sr. Site Reliability Engineer (Remote),"Seattle, WA","https://www.indeed.com/jobs?q=python+developer&l=Seattle,+WA&sort=date&limit=50&radius=25&vjk=025dad236e265ace"
"Software Engineer, Zillow Lending Platform","Seattle, WA","https://www.indeed.com/jobs?q=python+developer&l=Seattle,+WA&sort=date&limit=50&radius=25&vjk=f3ec8d509c3bc1e0"
"Technical Writer Intern, Amazon Web Services","Seattle, WA","https://www.indeed.com/jobs?q=python+developer&l=Seattle,+WA&sort=date&limit=50&radius=25&vjk=5866d98e20f7d12e"
Senior Software Engineer,"Seattle, WA","https://www.indeed.com/jobs?q=python+developer&l=Seattle,+WA&sort=date&limit=50&radius=25&vjk=ecb934c1d47a9ca9"
Front End Developer (Java Script) - Citizenship Required,United States,"https://www.indeed.com/jobs?q=python+developer&l=Seattle,+WA&sort=date&limit=50&radius=25&vjk=bed6104b6aa03932"
"Technical Writer Intern, Amazon Web Services","Seattle, WA","https://www.indeed.com/jobs?q=python+developer&l=Seattle,+WA&sort=date&limit=50&radius=25&vjk=5866d98e20f7d12e"
DevOps Engineer,"Seattle, WA","https://www.indeed.com/jobs?q=python+developer&l=Seattle,+WA&sort=date&limit=50&radius=25&vjk=2d4131df11611eb7"
Software Developer,"Seattle, WA","https://www.indeed.com/jobs?q=python+developer&l=Seattle,+WA&sort=date&limit=50&radius=25&vjk=3470fa73403ac42c"
Partner Engineer,"Seattle, WA","https://www.indeed.com/jobs?q=python+developer&l=Seattle,+WA&sort=date&limit=50&radius=25&vjk=ba826691be0add3f"
Platform Software Engineer - Siri Decision Making,"Seattle, WA","https://www.indeed.com/jobs?q=python+developer&l=Seattle,+WA&sort=date&limit=50&radius=25&vjk=a0e529eb2f8ff251"
Senior Site Reliability Engineer,"Seattle, WA","https://www.indeed.com/jobs?q=python+developer&l=Seattle,+WA&sort=date&limit=50&radius=25&vjk=d18b4cfc7a76bb2d"
User Experience Design Curriculum & Content Developer,"Bellevue, WA","https://www.indeed.com/jobs?q=python+developer&l=Seattle,+WA&sort=date&limit=50&radius=25&vjk=3442d830d718513d"
Staff Software Engineer,"Kirkland, WA","https://www.indeed.com/jobs?q=python+developer&l=Seattle,+WA&sort=date&limit=50&radius=25&vjk=f734bb7eb4725875"
Software Engineer - FMS/Avionics,"Bothell, WA","https://www.indeed.com/jobs?q=python+developer&l=Seattle,+WA&sort=date&limit=50&radius=25&vjk=49449c40423e1959"
Staff Software Development Engineer - Ads,"Bellevue, WA","https://www.indeed.com/jobs?q=python+developer&l=Seattle,+WA&sort=date&limit=50&radius=25&vjk=5de7b4aaa88d56ba"
Principle Identity Engineer,"Redmond, WA","https://www.indeed.com/jobs?q=python+developer&l=Seattle,+WA&sort=date&limit=50&radius=25&vjk=85c45c20fc55b6d2"
Algorithm Modeling Software Engineer,"Redmond, WA","https://www.indeed.com/jobs?q=python+developer&l=Seattle,+WA&sort=date&limit=50&radius=25&vjk=2ff31bf4fdf3680a"
Software Engineering Technical Director,"Seattle, WA","https://www.indeed.com/jobs?q=python+developer&l=Seattle,+WA&sort=date&limit=50&radius=25&vjk=0bbcf02ffc648322"
Principal Prototyping Developer,"Seattle, WA","https://www.indeed.com/jobs?q=python+developer&l=Seattle,+WA&sort=date&limit=50&radius=25&vjk=6b1ade3ad9f15d4c"
Sr Software Development Engineer,"Seattle, WA","https://www.indeed.com/jobs?q=python+developer&l=Seattle,+WA&sort=date&limit=50&radius=25&vjk=21337a876c9694a0"
Senior Site Reliability Engineer,"Seattle, WA","https://www.indeed.com/jobs?q=python+developer&l=Seattle,+WA&sort=date&limit=50&radius=25&vjk=d18b4cfc7a76bb2d"
Staff Software Development Engineer - Ads,"Bellevue, WA","https://www.indeed.com/jobs?q=python+developer&l=Seattle,+WA&sort=date&limit=50&radius=25&vjk=5de7b4aaa88d56ba"
Software Engineering Technical Director,"Seattle, WA","https://www.indeed.com/jobs?q=python+developer&l=Seattle,+WA&sort=date&limit=50&radius=25&vjk=0bbcf02ffc648322"
Quality Assurance Engineer - Alexa Routines,"Seattle, WA","https://www.indeed.com/jobs?q=python+developer&l=Seattle,+WA&sort=date&limit=50&radius=25&vjk=8d660af16035ecab"
Applied Science,"Seattle, WA","https://www.indeed.com/jobs?q=python+developer&l=Seattle,+WA&sort=date&limit=50&radius=25&vjk=b13f58df1771fcca"
Software Developer - Client Technology,"Seattle, WA","https://www.indeed.com/jobs?q=python+developer&l=Seattle,+WA&sort=date&limit=50&radius=25&vjk=2bc989066868e571"
Senior Software Engineer,United States,"https://www.indeed.com/jobs?q=python+developer&l=Seattle,+WA&sort=date&limit=50&radius=25&vjk=048b1ea698f604f4"
Research Scientist - Multichannel Speech Enhancement (PhD),"Redmond, WA","https://www.indeed.com/jobs?q=python+developer&l=Seattle,+WA&sort=date&limit=50&radius=25&vjk=6801820e8f62fb6e"
Data Engineer II,"Seattle, WA","https://www.indeed.com/jobs?q=python+developer&l=Seattle,+WA&sort=date&limit=50&radius=25&vjk=142fd8ab00911b70"
Software Engineer - FMS/Avionics,"Bothell, WA","https://www.indeed.com/jobs?q=python+developer&l=Seattle,+WA&sort=date&limit=50&radius=25&vjk=49449c40423e1959"
Systems Engineer,"Seattle, WA","https://www.indeed.com/jobs?q=python+developer&l=Seattle,+WA&sort=date&limit=50&radius=25&vjk=f16689694077e5e2"
Principal Data Engineer,"Seattle, WA","https://www.indeed.com/jobs?q=python+developer&l=Seattle,+WA&sort=date&limit=50&radius=25&vjk=7229b166d72d2211"
BPCS - Senior Software Engineer,"Bellevue, WA","https://www.indeed.com/jobs?q=python+developer&l=Seattle,+WA&sort=date&limit=50&radius=25&vjk=3ad3c96a58915b40"
Broadband Communications Integration Engineer (Starlink),"Redmond, WA","https://www.indeed.com/jobs?q=python+developer&l=Seattle,+WA&sort=date&limit=50&radius=25&vjk=3ac6febe6991da5c"
Systems Development Engineer,"Seattle, WA","https://www.indeed.com/jobs?q=python+developer&l=Seattle,+WA&sort=date&limit=50&radius=25&vjk=390feaac5e095d17"
Software Development Engineer - Alexa,"Seattle, WA","https://www.indeed.com/jobs?q=python+developer&l=Seattle,+WA&sort=date&limit=50&radius=25&vjk=183605f3e0f47662"
Imaging Sciences - Software Development Engineer,"Seattle, WA","https://www.indeed.com/jobs?q=python+developer&l=Seattle,+WA&sort=date&limit=50&radius=25&vjk=58fc0131feacb7fc"
Software Development Engineer -- NEW INITIATIVE,"Seattle, WA","https://www.indeed.com/jobs?q=python+developer&l=Seattle,+WA&sort=date&limit=50&radius=25&vjk=663875dda14a38be"
Systems or Software Engineer - Flight Contols,"Bothell, WA","https://www.indeed.com/jobs?q=python+developer&l=Seattle,+WA&sort=date&limit=50&radius=25&vjk=5483c0873ddbf22f"
Senior TPM,"Seattle, WA","https://www.indeed.com/jobs?q=python+developer&l=Seattle,+WA&sort=date&limit=50&radius=25&vjk=bf711fa37afb52db"
Software Development Engineer - FinTech,"Seattle, WA","https://www.indeed.com/jobs?q=python+developer&l=Seattle,+WA&sort=date&limit=50&radius=25&vjk=29ec3667bed64f9e"
System Development Engineer - Elastic Compute Cloud (EC2),"Seattle, WA","https://www.indeed.com/jobs?q=python+developer&l=Seattle,+WA&sort=date&limit=50&radius=25&vjk=8663903ae82d72e9"
Firmware Design Verification Engineer,"Redmond, WA","https://www.indeed.com/jobs?q=python+developer&l=Seattle,+WA&sort=date&limit=50&radius=25&vjk=336074a334b2b5f4"
"Sr. Data Engineer, Alexa Music","Seattle, WA","https://www.indeed.com/jobs?q=python+developer&l=Seattle,+WA&sort=date&limit=50&radius=25&vjk=bd8247b720ac163e"
"Engineering Manager, Site Reliability Engineering (SRE)","Seattle, WA","https://www.indeed.com/jobs?q=python+developer&l=Seattle,+WA&sort=date&limit=50&radius=25&vjk=113b31f143aa8eed"
Cloud Support Engineer II - Databases,"Seattle, WA","https://www.indeed.com/jobs?q=python+developer&l=Seattle,+WA&sort=date&limit=50&radius=25&vjk=af758a57338aca24"
Software Development Manager- GTT,"Seattle, WA","https://www.indeed.com/jobs?q=python+developer&l=Seattle,+WA&sort=date&limit=50&radius=25&vjk=3b20f1e9240e1235"
AWS SAP DevOps / SRE Engineer,"Seattle, WA","https://www.indeed.com/jobs?q=python+developer&l=Seattle,+WA&sort=date&limit=50&radius=25&vjk=2b36cf023bc7463e"
Applied Science Manager - Alexa AI-Natural Language Understanding,"Seattle, WA","https://www.indeed.com/jobs?q=python+developer&l=Seattle,+WA&sort=date&limit=50&radius=25&vjk=1e74d16e9dc98ed7"
"Software Development Engineer - AWS, Amazon Redshift","Seattle, WA","https://www.indeed.com/jobs?q=python+developer&l=Seattle,+WA&sort=date&limit=50&radius=25&vjk=40382a8ed1ec21fe"
Senior Software Development Engineer - Machine Learning,"Seattle, WA","https://www.indeed.com/jobs?q=python+developer&l=Seattle,+WA&sort=date&limit=50&radius=25&vjk=824400533d424631"
"Sr. Applied Scientist, Amazon Alexa AI","Seattle, WA","https://www.indeed.com/jobs?q=python+developer&l=Seattle,+WA&sort=date&limit=50&radius=25&vjk=bdc35a71423c029f"
Python Developer,"Seattle, WA","https://www.indeed.com/jobs?q=python+developer&l=Seattle,+WA&sort=date&limit=50&radius=25&vjk=1b87da27e151208e"
Full Stack Django Developer/DevOps (Space/Electronics/Robotics),"Bothell, WA","https://www.indeed.com/jobs?q=python+developer&l=Seattle,+WA&sort=date&limit=50&radius=25&vjk=fbbbcc389d25189f"
"Engineer, Software","Bellevue, WA","https://www.indeed.com/jobs?q=python+developer&l=Seattle,+WA&sort=date&limit=50&radius=25&vjk=e42e41303aee8112"
Embedded Software Engineer (Flight Mission/Space/Electronics/Robotics),"Bothell, WA","https://www.indeed.com/jobs?q=python+developer&l=Seattle,+WA&sort=date&limit=50&radius=25&vjk=d53ddb55cee95330"
Software Engineer - Backend - Seattle,"Seattle, WA","https://www.indeed.com/jobs?q=python+developer&l=Seattle,+WA&sort=date&limit=50&radius=25&vjk=cba6c9d6acbc8f36"
Software Developer - API team,"Seattle, WA","https://www.indeed.com/jobs?q=python+developer&l=Seattle,+WA&sort=date&limit=50&radius=25&vjk=a754c9c3a93c84b4"
Software Engineer,"Seattle, WA","https://www.indeed.com/jobs?q=python+developer&l=Seattle,+WA&sort=date&limit=50&radius=25&vjk=eea10075e010d652"
"Web Developer 2 - JavaScript, C#","Bellevue, WA","https://www.indeed.com/jobs?q=python+developer&l=Seattle,+WA&sort=date&limit=50&radius=25&vjk=52d3a52a6783fada"
Software Engineer - Full Stack - Seattle,"Seattle, WA","https://www.indeed.com/jobs?q=python+developer&l=Seattle,+WA&sort=date&limit=50&radius=25&vjk=2fd4162140500772"
"Research Scientist, Machine Learning for Image Synthesis (PhD)","Redmond, WA","https://www.indeed.com/jobs?q=python+developer&l=Seattle,+WA&sort=date&limit=50&radius=25&vjk=2fcd308bc2019ef7"
Senior Software Development Engineer - Machine Learning,"Seattle, WA","https://www.indeed.com/jobs?q=python+developer&l=Seattle,+WA&sort=date&limit=50&radius=25&vjk=824400533d424631"
Python Developer,"Seattle, WA","https://www.indeed.com/jobs?q=python+developer&l=Seattle,+WA&sort=date&limit=50&radius=25&vjk=1b87da27e151208e"
Full Stack Django Developer/DevOps (Space/Electronics/Robotics),"Bothell, WA","https://www.indeed.com/jobs?q=python+developer&l=Seattle,+WA&sort=date&limit=50&radius=25&vjk=fbbbcc389d25189f"
Software Engineer,"Seattle, WA","https://www.indeed.com/jobs?q=python+developer&l=Seattle,+WA&sort=date&limit=50&radius=25&vjk=eea10075e010d652"
"Engineer, Software","Bellevue, WA","https://www.indeed.com/jobs?q=python+developer&l=Seattle,+WA&sort=date&limit=50&radius=25&vjk=e42e41303aee8112"
Embedded Software Engineer (Flight Mission/Space/Electronics/Robotics),"Bothell, WA","https://www.indeed.com/jobs?q=python+developer&l=Seattle,+WA&sort=date&limit=50&radius=25&vjk=d53ddb55cee95330"
Software Engineer - Backend - Seattle,"Seattle, WA","https://www.indeed.com/jobs?q=python+developer&l=Seattle,+WA&sort=date&limit=50&radius=25&vjk=cba6c9d6acbc8f36"
C# / .Net Developer with Azure experience,"Redmond, WA","https://www.indeed.com/jobs?q=python+developer&l=Seattle,+WA&sort=date&limit=50&radius=25&vjk=bcddec868bc2b1f5"
Software Developer (Join-Ns2),"Seattle, WA","https://www.indeed.com/jobs?q=python+developer&l=Seattle,+WA&sort=date&limit=50&radius=25&vjk=6c9be8f96b6524c4"
Software Engineer I - Backend Services,"Bellevue, WA","https://www.indeed.com/jobs?q=python+developer&l=Seattle,+WA&sort=date&limit=50&radius=25&vjk=3e4b62ef915fc32d"
Software Engineer – Geospatial,"Seattle, WA","https://www.indeed.com/jobs?q=python+developer&l=Seattle,+WA&sort=date&limit=50&radius=25&vjk=88b60ef9f0310110"
Software Engineer (Multiple),"Seattle, WA","https://www.indeed.com/jobs?q=python+developer&l=Seattle,+WA&sort=date&limit=50&radius=25&vjk=4a605854baabc374"
Dot Net Developer,"Redmond, WA","https://www.indeed.com/jobs?q=python+developer&l=Seattle,+WA&sort=date&limit=50&radius=25&vjk=ed314a32b1b49883"
Software Developer - API team,"Seattle, WA","https://www.indeed.com/jobs?q=python+developer&l=Seattle,+WA&sort=date&limit=50&radius=25&vjk=a754c9c3a93c84b4"
Software Engineer - Full Stack - Seattle,"Seattle, WA","https://www.indeed.com/jobs?q=python+developer&l=Seattle,+WA&sort=date&limit=50&radius=25&vjk=2fd4162140500772"
Software Developer,"Bellevue, WA","https://www.indeed.com/jobs?q=python+developer&l=Seattle,+WA&sort=date&limit=50&radius=25&vjk=b694b695a414157b"
Software Engineer,"Redmond, WA","https://www.indeed.com/jobs?q=python+developer&l=Seattle,+WA&sort=date&limit=50&radius=25&vjk=2f8374a331cff970"
Sr. Software Engineer,"Seattle, WA","https://www.indeed.com/jobs?q=python+developer&l=Seattle,+WA&sort=date&limit=50&radius=25&vjk=8a7fa2f6ad9e1dfb"
SDE II - Search Services,"Bellevue, WA","https://www.indeed.com/jobs?q=python+developer&l=Seattle,+WA&sort=date&limit=50&radius=25&vjk=a2d4eca5480273f2"
Software Engineer,"Bellevue, WA","https://www.indeed.com/jobs?q=python+developer&l=Seattle,+WA&sort=date&limit=50&radius=25&vjk=cc7c0f4e09eaa1c9"
Sr Software Engineer - Backend - Seattle,"Seattle, WA","https://www.indeed.com/jobs?q=python+developer&l=Seattle,+WA&sort=date&limit=50&radius=25&vjk=6c7097f112486e2e"
Business Analyst/Developer,"Seattle, WA","https://www.indeed.com/jobs?q=python+developer&l=Seattle,+WA&sort=date&limit=50&radius=25&vjk=10472caf03d5bfe6"
Senior Software QA Engineer,"Seattle, WA","https://www.indeed.com/jobs?q=python+developer&l=Seattle,+WA&sort=date&limit=50&radius=25&vjk=b561884b459fb817"
Software Engineer - Machine Intelligence,"Seattle, WA","https://www.indeed.com/jobs?q=python+developer&l=Seattle,+WA&sort=date&limit=50&radius=25&vjk=9645029a76f836e1"
DevOps Specialist,"Bellevue, WA","https://www.indeed.com/jobs?q=python+developer&l=Seattle,+WA&sort=date&limit=50&radius=25&vjk=18ca40a3fd9f022d"
Software Engineer - Data - Seattle,"Seattle, WA","https://www.indeed.com/jobs?q=python+developer&l=Seattle,+WA&sort=date&limit=50&radius=25&vjk=98707d218e19021b"
Software Development Engineer,"Redmond, WA","https://www.indeed.com/jobs?q=python+developer&l=Seattle,+WA&sort=date&limit=50&radius=25&vjk=b7e39077de67e450"
Lead Software Engineer,"Tukwila, WA","https://www.indeed.com/jobs?q=python+developer&l=Seattle,+WA&sort=date&limit=50&radius=25&vjk=cec1f5aa31c25559"
Lead Software Engineer,"Snoqualmie, WA","https://www.indeed.com/jobs?q=python+developer&l=Seattle,+WA&sort=date&limit=50&radius=25&vjk=bbab096dea7e7eaf"
Sr. DevOps Engineer,"Mukilteo, WA","https://www.indeed.com/jobs?q=python+developer&l=Seattle,+WA&sort=date&limit=50&radius=25&vjk=7f0076125740b992"
Software Data Operations Engineer,"Redmond, WA","https://www.indeed.com/jobs?q=python+developer&l=Seattle,+WA&sort=date&limit=50&radius=25&vjk=02c7f82c7636ef70"
"Software Development Engineer, Alexa Connected Devices","Seattle, WA","https://www.indeed.com/jobs?q=python+developer&l=Seattle,+WA&sort=date&limit=50&radius=25&vjk=33ab23be7346f55d"
"Software Engineer, Backend 3+ Years Experience - Seattle","Seattle, WA","https://www.indeed.com/jobs?q=python+developer&l=Seattle,+WA&sort=date&limit=50&radius=25&vjk=ff0d2ab231e35d85"
Software Engineer (Phased Array Development),"Redmond, WA","https://www.indeed.com/jobs?q=python+developer&l=Seattle,+WA&sort=date&limit=50&radius=25&vjk=f49aaf6e1d1b0f8d"
Software Development Engineer in Test II,"Bellevue, WA","https://www.indeed.com/jobs?q=python+developer&l=Seattle,+WA&sort=date&limit=50&radius=25&vjk=fbdfa02d8b5d0197"
Software Engineer,"Bellevue, WA","https://www.indeed.com/jobs?q=python+developer&l=Seattle,+WA&sort=date&limit=50&radius=25&vjk=cc7c0f4e09eaa1c9"
Application Security Engineer - Tools & Automation,"Seattle, WA","https://www.indeed.com/jobs?q=python+developer&l=Seattle,+WA&sort=date&limit=50&radius=25&vjk=34eb9a10a99ed567"
Software Development in Test,"Seattle, WA","https://www.indeed.com/jobs?q=python+developer&l=Seattle,+WA&sort=date&limit=50&radius=25&vjk=82e916c98dd1567b"
"Software Development Engineer, Robotics & Navigation, Amazon Scout","Seattle, WA","https://www.indeed.com/jobs?q=python+developer&l=Seattle,+WA&sort=date&limit=50&radius=25&vjk=1f6b199007b66667"
Senior Site Reliability Engineer,"Seattle, WA","https://www.indeed.com/jobs?q=python+developer&l=Seattle,+WA&sort=date&limit=50&radius=25&vjk=62b7871617b1fac4"
"Staff Software Engineer, Augmented Analytics, Full-stack","Kirkland, WA","https://www.indeed.com/jobs?q=python+developer&l=Seattle,+WA&sort=date&limit=50&radius=25&vjk=41003f9e03634637"
"Front End Engineer, Amazon EKS","Seattle, WA","https://www.indeed.com/jobs?q=python+developer&l=Seattle,+WA&sort=date&limit=50&radius=25&vjk=df86a6e5fd25fdcc"
Senior Software Engineer – Container Services,"Kirkland, WA","https://www.indeed.com/jobs?q=python+developer&l=Seattle,+WA&sort=date&limit=50&radius=25&vjk=2fed3280a14be1f8"
Software Development in Test,"Seattle, WA","https://www.indeed.com/jobs?q=python+developer&l=Seattle,+WA&sort=date&limit=50&radius=25&vjk=82e916c98dd1567b"
DevOps Engineer,"Seattle, WA","https://www.indeed.com/jobs?q=python+developer&l=Seattle,+WA&sort=date&limit=50&radius=25&vjk=253a391da01a0a68"
Sr. Software Engineer - Minecraft,"Redmond, WA","https://www.indeed.com/jobs?q=python+developer&l=Seattle,+WA&sort=date&limit=50&radius=25&vjk=1a1498cc2c9dde1a"
"Staff Software Engineer, Augmented Analytics, Full-stack","Kirkland, WA","https://www.indeed.com/jobs?q=python+developer&l=Seattle,+WA&sort=date&limit=50&radius=25&vjk=41003f9e03634637"
Business Intelligence Engineer - Amazon Go,"Seattle, WA","https://www.indeed.com/jobs?q=python+developer&l=Seattle,+WA&sort=date&limit=50&radius=25&vjk=21e3a76b52ba7644"
"Staff Software Engineer, Data Engineering","Seattle, WA","https://www.indeed.com/jobs?q=python+developer&l=Seattle,+WA&sort=date&limit=50&radius=25&vjk=6f29d42a8cd8b086"
Application Security Engineer - Tools & Automation,"Seattle, WA","https://www.indeed.com/jobs?q=python+developer&l=Seattle,+WA&sort=date&limit=50&radius=25&vjk=34eb9a10a99ed567"
"Data Engineer, Amazon GO","Seattle, WA","https://www.indeed.com/jobs?q=python+developer&l=Seattle,+WA&sort=date&limit=50&radius=25&vjk=34f9b14b23f6d9b1"
Senior Software Development Engineer,"Kirkland, WA","https://www.indeed.com/jobs?q=python+developer&l=Seattle,+WA&sort=date&limit=50&radius=25&vjk=d4ecb8f3cdd9d08f"
Software Development Manager III,"Bellevue, WA","https://www.indeed.com/jobs?q=python+developer&l=Seattle,+WA&sort=date&limit=50&radius=25&vjk=6faf15d79ddae40d"
Staff Software Engineer,"Seattle, WA","https://www.indeed.com/jobs?q=python+developer&l=Seattle,+WA&sort=date&limit=50&radius=25&vjk=f06e3371a6a1736a"
Software Development Manager III # API,"Bellevue, WA","https://www.indeed.com/jobs?q=python+developer&l=Seattle,+WA&sort=date&limit=50&radius=25&vjk=a3ff81a01be7c1ac"
Sr Software Engineer - Machine Learning - Seattle,"Seattle, WA","https://www.indeed.com/jobs?q=python+developer&l=Seattle,+WA&sort=date&limit=50&radius=25&vjk=606771a19daad8da"
Senior Site Reliability Engineer,"Seattle, WA","https://www.indeed.com/jobs?q=python+developer&l=Seattle,+WA&sort=date&limit=50&radius=25&vjk=62b7871617b1fac4"
Software Development Manager III,"Bellevue, WA","https://www.indeed.com/jobs?q=python+developer&l=Seattle,+WA&sort=date&limit=50&radius=25&vjk=6faf15d79ddae40d"
"Software Development Engineer, Automation - FinTech","Seattle, WA","https://www.indeed.com/jobs?q=python+developer&l=Seattle,+WA&sort=date&limit=50&radius=25&vjk=9549e4b8cd94692b"
Senior Software Development Engineer,"Kirkland, WA","https://www.indeed.com/jobs?q=python+developer&l=Seattle,+WA&sort=date&limit=50&radius=25&vjk=d4ecb8f3cdd9d08f"
"Software Development Engineer, Amazon Subscription Boxes","Seattle, WA","https://www.indeed.com/jobs?q=python+developer&l=Seattle,+WA&sort=date&limit=50&radius=25&vjk=eb24cfb0930903c5"
"Data Engineer, Amazon GO","Seattle, WA","https://www.indeed.com/jobs?q=python+developer&l=Seattle,+WA&sort=date&limit=50&radius=25&vjk=34f9b14b23f6d9b1"
Software Development Manager,"Seattle, WA","https://www.indeed.com/jobs?q=python+developer&l=Seattle,+WA&sort=date&limit=50&radius=25&vjk=fd8dc5f0a459b35a"
Firmware Engineer,"Seattle, WA","https://www.indeed.com/jobs?q=python+developer&l=Seattle,+WA&sort=date&limit=50&radius=25&vjk=f184c063e19c5ec5"
"Software Development Engineer, Alexa Video","Seattle, WA","https://www.indeed.com/jobs?q=python+developer&l=Seattle,+WA&sort=date&limit=50&radius=25&vjk=fae371567e17e8d3"
Live Event Quality - Software Development Engineer in Test (Prime Video),"Seattle, WA","https://www.indeed.com/jobs?q=python+developer&l=Seattle,+WA&sort=date&limit=50&radius=25&vjk=c47aa21fba6898d1"
Senior Frontend Engineer - Machine Learning,"Seattle, WA","https://www.indeed.com/jobs?q=python+developer&l=Seattle,+WA&sort=date&limit=50&radius=25&vjk=952542a83b9dcf85"
Software Dev Engineer - AWS CodeDeploy,"Seattle, WA","https://www.indeed.com/jobs?q=python+developer&l=Seattle,+WA&sort=date&limit=50&radius=25&vjk=a617fcbc6ff9ad44"
"Senior Frontend Engineer, Amazon SageMaker","Seattle, WA","https://www.indeed.com/jobs?q=python+developer&l=Seattle,+WA&sort=date&limit=50&radius=25&vjk=b47004c4f83226fa"
Software Development Engineer - Amazon Pinpoint,"Seattle, WA","https://www.indeed.com/jobs?q=python+developer&l=Seattle,+WA&sort=date&limit=50&radius=25&vjk=6216e5e051ba6af9"
Avionics Firmware Verification & Test Engineer,"Kent, WA","https://www.indeed.com/jobs?q=python+developer&l=Seattle,+WA&sort=date&limit=50&radius=25&vjk=200e21529fc99cf6"
Software Development Manager – Amazon DynamoDB Accelerator (DAX),"Seattle, WA","https://www.indeed.com/jobs?q=python+developer&l=Seattle,+WA&sort=date&limit=50&radius=25&vjk=9b4b0358218029a2"
Live Event Quality - Software Development Engineer in Test (Prime Video),"Seattle, WA","https://www.indeed.com/jobs?q=python+developer&l=Seattle,+WA&sort=date&limit=50&radius=25&vjk=c47aa21fba6898d1"
Senior Software Engineer,"Kirkland, WA","https://www.indeed.com/jobs?q=python+developer&l=Seattle,+WA&sort=date&limit=50&radius=25&vjk=6c7b8dd5f9321da7"
Applied Scientist (Level 5),"Seattle, WA","https://www.indeed.com/jobs?q=python+developer&l=Seattle,+WA&sort=date&limit=50&radius=25&vjk=49fa706f587fbc1b"
Senior Systems Engineer,"Seattle, WA","https://www.indeed.com/jobs?q=python+developer&l=Seattle,+WA&sort=date&limit=50&radius=25&vjk=b6f55ce812a232ad"
"Software Development Engineer, Amazon Transportation Services","Seattle, WA","https://www.indeed.com/jobs?q=python+developer&l=Seattle,+WA&sort=date&limit=50&radius=25&vjk=e01ed7ecd11e1d01"
"Software Development Engineer, Alexa Video","Seattle, WA","https://www.indeed.com/jobs?q=python+developer&l=Seattle,+WA&sort=date&limit=50&radius=25&vjk=fae371567e17e8d3"
"Software Development Engineer, Automation - FinTech","Seattle, WA","https://www.indeed.com/jobs?q=python+developer&l=Seattle,+WA&sort=date&limit=50&radius=25&vjk=9549e4b8cd94692b"
Systems Administrator III,"Seattle, WA","https://www.indeed.com/jobs?q=python+developer&l=Seattle,+WA&sort=date&limit=50&radius=25&vjk=d546caf7eac01250"
Linux System Engineer,"Seattle, WA","https://www.indeed.com/jobs?q=python+developer&l=Seattle,+WA&sort=date&limit=50&radius=25&vjk=f7d83f11c24690c0"
SDE-III,"Seattle, WA","https://www.indeed.com/jobs?q=python+developer&l=Seattle,+WA&sort=date&limit=50&radius=25&vjk=dc427d924d5b5759"
Software Development Manager – Amazon DynamoDB Accelerator (DAX),"Seattle, WA","https://www.indeed.com/jobs?q=python+developer&l=Seattle,+WA&sort=date&limit=50&radius=25&vjk=9b4b0358218029a2"
Software Development Manager,"Seattle, WA","https://www.indeed.com/jobs?q=python+developer&l=Seattle,+WA&sort=date&limit=50&radius=25&vjk=fd8dc5f0a459b35a"
"Quality Assurance Engineer, Alexa Smart Home","Seattle, WA","https://www.indeed.com/jobs?q=python+developer&l=Seattle,+WA&sort=date&limit=50&radius=25&vjk=81300bda93bbbc2c"
Software Dev Engineer - AWS CodeDeploy,"Seattle, WA","https://www.indeed.com/jobs?q=python+developer&l=Seattle,+WA&sort=date&limit=50&radius=25&vjk=a617fcbc6ff9ad44"
Software Development Engineer - Amazon Pinpoint,"Seattle, WA","https://www.indeed.com/jobs?q=python+developer&l=Seattle,+WA&sort=date&limit=50&radius=25&vjk=6216e5e051ba6af9"
