"Company","Title","Location","Link"
"Seen by Indeed","Python Developer","Seattle, WA","https://www.indeed.com/viewjob?jk=1b87da27e151208e"
"LabKey","Scientific Technical Account Manager","Seattle, WA","https://www.indeed.com/viewjob?jk=4dd31ea96cc30b7f"
"Atlas, Inc.","Python Developer","Seattle, WA","https://www.indeed.com/viewjob?jk=86ebd856cac54abf"
"ENSIS TECHNOLOGIES INC","Python Developer","Bellevue, WA","https://www.indeed.com/viewjob?jk=ed9621fd7726fcad"
"SoftSages Technology Inc","Software Developer - entry level","Seattle, WA","https://www.indeed.com/viewjob?jk=d628bb5b327ee612"
"Pythonwise","PYTHON DEVELOPER","Seattle, WA","https://www.indeed.com/viewjob?jk=1a20a1c56fb7df73"
"Highbrow Technologies","Python Developer","Bellevue, WA","https://www.indeed.com/viewjob?jk=70912d7ae92ee088"
"Tyemill","Software Developer - Mobile Application","Seattle, WA","https://www.indeed.com/viewjob?jk=513f29f8bd5cc68a"
"Atlas, Inc.","Java Application Developer","Seattle, WA","https://www.indeed.com/viewjob?jk=c6c7b9324f42185f"
"SAIS SERVICE","Python Developer - Except H1","Seattle, WA","https://www.indeed.com/viewjob?jk=b7d3ecda6af61284"
"Accelalpha","React Developer","Seattle, WA","https://www.indeed.com/viewjob?jk=85221ee565ae8cb1"
"RareCyte Inc","Front End Developer","Seattle, WA","https://www.indeed.com/viewjob?jk=20e0d05c8c771929"
"National Testing Network","Web Developer","Lynnwood, WA","https://www.indeed.com/viewjob?jk=9b1de37d73188972"
"ThirstySprout","Blockchain Developer","Seattle, WA","https://www.indeed.com/viewjob?jk=28d82bae087b6bd4"
"Cloudentity","DevOps Engineer - Remote From Seattle or Portland Area","Seattle, WA","https://www.indeed.com/viewjob?jk=fb8508cea3da2c3b"
"D-Wave Systems Inc.","Algorithm Developer","Bellevue, WA","https://www.indeed.com/viewjob?jk=0b4841cade6318de"
"eTek IT Service","Backend Developer","Bellevue, WA","https://www.indeed.com/viewjob?jk=c2905c8fcac6c7f1"
"RareCyte Inc","Full Stack Developer","Seattle, WA","https://www.indeed.com/viewjob?jk=95bbd8f4cbe9553f"
"Agilysys, Inc.","Junior Software Engineer","Bellevue, WA","https://www.indeed.com/viewjob?jk=c3b8fe962f9f92f7"
"Sage Bionetworks","Client Development Engineer, Python Focus","Seattle, WA","https://www.indeed.com/viewjob?jk=320db939a580122d"
"Infotech Cogent","Full Stack Develope","Bellevue, WA","https://www.indeed.com/viewjob?jk=1532ebec67f89fda"
"Flowroute Inc","Senior Software Developer - Generalist","Seattle, WA","https://www.indeed.com/viewjob?jk=03529cf4c13c06f2"
"Highbrow Tech LLC","Mulesoft Developer, Remote","Bellevue, WA","https://www.indeed.com/viewjob?jk=811b96f2fd61411a"
"NR Consulting LLC","Tableau Developer(Only Local To Bellevue, WA)","Bellevue, WA","https://www.indeed.com/viewjob?jk=d560d25731d025a7"
"Full Beaker","Sr. JavaScript/Front-End Developer","Bellevue, WA","https://www.indeed.com/viewjob?jk=e4e755bdab7b332e"
"Frontend Arts","Machine Learning Developer","Seattle, WA","https://www.indeed.com/viewjob?jk=e3811f83f4ed8aec"
"Highbrow Tech LLC","Application Developer","Seattle, WA","https://www.indeed.com/viewjob?jk=9be46b21946f9d7d"
"BillGO","Software Engineer - Scalability","Redmond, WA","https://www.indeed.com/viewjob?jk=a1bd6b5737c3a397"
"Optimal","Software Engineer","Kirkland, WA","https://www.indeed.com/viewjob?jk=12c48cd444fd3d2b"
"Seen by Indeed","Python Developer","Seattle, WA","https://www.indeed.com/viewjob?jk=1b87da27e151208e"
"LabKey","Scientific Technical Account Manager","Seattle, WA","https://www.indeed.com/viewjob?jk=4dd31ea96cc30b7f"
"Smoothstack","Entry Level - Software Developer","United States","https://www.indeed.com/viewjob?jk=29b56b2ad42143b4"
"ANDURIL INDUSTRIES","Software Engineer","Seattle, WA","https://www.indeed.com/viewjob?jk=e4008445e64298e3"
"DefinedCrowd","Solutions Developer (Seattle, US)","Seattle, WA","https://www.indeed.com/viewjob?jk=d5b227578a079ff6"
"Cloudentity","DevOps Engineer - Remote From Seattle or Portland Area","Seattle, WA","https://www.indeed.com/viewjob?jk=fb8508cea3da2c3b"
"Seven Hills Technologies Inc","Bigdata/Hadoop Developer with Azure","Seattle, WA","https://www.indeed.com/viewjob?jk=95a102adbd45004e"
"3MD Inc.","Software Developer Engineer In Test","Redmond, WA","https://www.indeed.com/viewjob?jk=3e52fa794263c711"
"Frontend Arts","Machine Learning Developer","Seattle, WA","https://www.indeed.com/viewjob?jk=e3811f83f4ed8aec"
"Agilysys, Inc.","Software Development Internships (Summer 2020)","Bellevue, WA","https://www.indeed.com/viewjob?jk=fad75f72b6dfd44f"
"Flowroute Inc","Senior Software Developer - Generalist","Seattle, WA","https://www.indeed.com/viewjob?jk=03529cf4c13c06f2"
"Highbrow Tech LLC","Application Developer","Seattle, WA","https://www.indeed.com/viewjob?jk=9be46b21946f9d7d"
"Clandica Inc","Perl Software Developer","Seattle, WA","https://www.indeed.com/viewjob?jk=89a8fc2ebab02f70"
"Subsplash","Sr. Site Reliability Engineer (Remote)","Seattle, WA","https://www.indeed.com/viewjob?jk=025dad236e265ace"
"Radiant Digital","Tableau Desktop Specialist (Only local to WA)","Bellevue, WA","https://www.indeed.com/viewjob?jk=a2f43b85727711d5"
"Highbrow Technologies","MEAN Stack Developer","Bellevue, WA","https://www.indeed.com/viewjob?jk=93968b838919cc84"
"Tethers Unlimited, Inc.","Full Stack Django Developer/DevOps (Space/Electronics/Robotics)","Bothell, WA","https://www.indeed.com/viewjob?jk=fbbbcc389d25189f"
"BillGO","Software Engineer - Scalability","Redmond, WA","https://www.indeed.com/viewjob?jk=a1bd6b5737c3a397"
"Optimal","Software Engineer","Kirkland, WA","https://www.indeed.com/viewjob?jk=12c48cd444fd3d2b"
"Seen by Indeed","Python Developer","Seattle, WA","https://www.indeed.com/viewjob?jk=1b87da27e151208e"
"Smoothstack","Entry Level - Software Developer","United States","https://www.indeed.com/viewjob?jk=29b56b2ad42143b4"
"BillGO","Software Engineer - Scalability","Redmond, WA","https://www.indeed.com/viewjob?jk=a1bd6b5737c3a397"
"Optimal","Software Engineer","Kirkland, WA","https://www.indeed.com/viewjob?jk=12c48cd444fd3d2b"
"BillGO","Senior Software Engineer - Scalability","Redmond, WA","https://www.indeed.com/viewjob?jk=56ced0d4714762b5"
"4C Insights","Software Development Engineer (Backend)","Seattle, WA","https://www.indeed.com/viewjob?jk=88b63d535c1fb2ce"
"AnswerDash","Front End Engineer","Seattle, WA","https://www.indeed.com/viewjob?jk=6951eef4d9d953b5"
"SimSpace","DevOps Engineer","Seattle, WA","https://www.indeed.com/viewjob?jk=2d4131df11611eb7"
"Highbrow Tech LLC","Java Developer","Seattle, WA","https://www.indeed.com/viewjob?jk=c4e57122afe9816d"
"Pryon","Full Stack Engineer","Seattle, WA","https://www.indeed.com/viewjob?jk=8451031fba0ee95d"
"Curie","Serverless Backend Engineer","Seattle, WA","https://www.indeed.com/viewjob?jk=13d86a3d2e79e382"
"Brightloom","Software Development Engineer - Data Platform Team","Seattle, WA","https://www.indeed.com/viewjob?jk=2e113879eb83aef5"
"Mixpanel","Fullstack Engineer, Growth","Seattle, WA","https://www.indeed.com/viewjob?jk=ade56d8b78ef97f9"
"Canotic","Full-stack Software Engineer (Seattle)","Seattle, WA","https://www.indeed.com/viewjob?jk=2baa42df7d86f69a"
"Kuaishou Technology","AI Algorithm Researcher/Engineer","Bellevue, WA","https://www.indeed.com/viewjob?jk=ea54baeb649253b6"
"Tally","Software Engineer - Backend","Seattle, WA","https://www.indeed.com/viewjob?jk=82cb0a1b845448bf"
"Compose.ly","Freelance Technical Writer (Programming + Software)","Seattle, WA","https://www.indeed.com/viewjob?jk=5438c0b075c93799"
"Steep Hill Labs","Senior Software Developer for Cannabis Lab","Seattle, WA","https://www.indeed.com/viewjob?jk=baeb0c2cf65b77fa"
"Docugami","Full Stack Software Engineer","Kirkland, WA","https://www.indeed.com/viewjob?jk=8f8495f954b75d59"
"TwinStrand Biosciences","Software Engineer","Seattle, WA","https://www.indeed.com/viewjob?jk=800c481e73e8b594"
"Seen by Indeed","Python Developer","Seattle, WA","https://www.indeed.com/viewjob?jk=1b87da27e151208e"
"AnswerDash","Front End Engineer","Seattle, WA","https://www.indeed.com/viewjob?jk=6951eef4d9d953b5"
"First Mode","Embedded Systems Engineer","Seattle, WA","https://www.indeed.com/viewjob?jk=11c77b3a3399eee9"
"Donuts Inc.","Software Engineer","Bellevue, WA","https://www.indeed.com/viewjob?jk=cc7c0f4e09eaa1c9"
"eTek IT Service","Infrastructure Automation Engineer","Mountlake Terrace, WA","https://www.indeed.com/viewjob?jk=9e22d27e24389f18"
"Owl Insights","Software Engineer, Integration","Seattle, WA","https://www.indeed.com/viewjob?jk=52a1e52118d3ef5c"
"Pensar Development","Firmware Engineer","Seattle, WA","https://www.indeed.com/viewjob?jk=31721e27d754c39a"
"Docugami","Full Stack Software Engineer","Kirkland, WA","https://www.indeed.com/viewjob?jk=8f8495f954b75d59"
"Bardy Diagnostics","Back-End Software Engineer","Seattle, WA","https://www.indeed.com/viewjob?jk=a61b6d16d35c8df6"
"Sage Bionetworks","Client Development Engineer, Python Focus","Seattle, WA","https://www.indeed.com/viewjob?jk=320db939a580122d"
"Brightloom","Staff Software Engineer","Seattle, WA","https://www.indeed.com/viewjob?jk=a371d35686d32f3c"
"Code Lab Technology","Devops Engineer","Seattle, WA","https://www.indeed.com/viewjob?jk=5f190f2036401097"
"The Allen Institute for AI","Lexion Full Stack Software Engineer - AI2 Incubator","Seattle, WA","https://www.indeed.com/viewjob?jk=01a332aae2d4fe87"
"Q Analysts LLC","Software Development Engineer in Test (SDET)","Redmond, WA","https://www.indeed.com/viewjob?jk=a1f7eea4ff3fd955"
"Niantic","Software Engineer, Fraud Prevention","Seattle, WA","https://www.indeed.com/viewjob?jk=6103605ff0428da0"
"Wyze Labs","Senior SDE (Video Stream)","Kirkland, WA","https://www.indeed.com/viewjob?jk=cfaea1292fb1092b"
"Full Beaker","Sr. JavaScript/Front-End Developer","Bellevue, WA","https://www.indeed.com/viewjob?jk=e4e755bdab7b332e"
"Smoothstack","Entry Level - Software Developer","United States","https://www.indeed.com/viewjob?jk=29b56b2ad42143b4"
"BillGO","Software Engineer - Scalability","Redmond, WA","https://www.indeed.com/viewjob?jk=a1bd6b5737c3a397"
"Optimal","Software Engineer","Kirkland, WA","https://www.indeed.com/viewjob?jk=12c48cd444fd3d2b"
"BillGO","Senior Software Engineer - Scalability","Redmond, WA","https://www.indeed.com/viewjob?jk=56ced0d4714762b5"
"Pryon","Software Engineer","Seattle, WA","https://www.indeed.com/viewjob?jk=128286fa8f5a8aa5"
"Highbrow Technologies","MEAN Stack Developer","Bellevue, WA","https://www.indeed.com/viewjob?jk=93968b838919cc84"
"Q Analysts LLC","Software Development Engineer in Test (SDET)","Redmond, WA","https://www.indeed.com/viewjob?jk=a1f7eea4ff3fd955"
"Enlyft","Machine Learning Engineer","Bellevue, WA","https://www.indeed.com/viewjob?jk=cd7f22bb7777156f"
"Uncommon Coders","DevOps Engineer","Seattle, WA","https://www.indeed.com/viewjob?jk=6b4882a51630b914"
"First Mode","Embedded Systems Engineer","Seattle, WA","https://www.indeed.com/viewjob?jk=11c77b3a3399eee9"
"Bardy Diagnostics","Software Development Engineer","Seattle, WA","https://www.indeed.com/viewjob?jk=d832c33e4a8d5e83"
"Niantic","Software Engineer, Fraud Prevention","Seattle, WA","https://www.indeed.com/viewjob?jk=6103605ff0428da0"
"HBO Max","Machine Learning Engineer - HBO Max","Seattle, WA","https://www.indeed.com/viewjob?jk=ccd46cd76294ca98"
"First Mode","Software Engineer","Seattle, WA","https://www.indeed.com/viewjob?jk=2455a576cd35508d"
"Smoothstack","Entry Level - Software Developer","United States","https://www.indeed.com/viewjob?jk=29b56b2ad42143b4"
"BillGO","Software Engineer - Scalability","Redmond, WA","https://www.indeed.com/viewjob?jk=a1bd6b5737c3a397"
"Optimal","Software Engineer","Kirkland, WA","https://www.indeed.com/viewjob?jk=12c48cd444fd3d2b"
"Seen by Indeed","Python Developer","Seattle, WA","https://www.indeed.com/viewjob?jk=1b87da27e151208e"
"Seen by Indeed","Python Developer","Seattle, WA","https://www.indeed.com/viewjob?jk=1b87da27e151208e"
"LabKey","Scientific Technical Account Manager","Seattle, WA","https://www.indeed.com/viewjob?jk=4dd31ea96cc30b7f"
"PHYTEC America","Software Engineer","Seattle, WA","https://www.indeed.com/viewjob?jk=d184c14487ad8889"
"Tamazari","Senior Site Reliability Engineer","Seattle, WA","https://www.indeed.com/viewjob?jk=d18b4cfc7a76bb2d"
"First Mode","Software Engineer","Seattle, WA","https://www.indeed.com/viewjob?jk=2455a576cd35508d"
"Proprio","Software Development Engineer (CV/Algorithms/Imaging)","Seattle, WA","https://www.indeed.com/viewjob?jk=ceb163e234a67eae"
"TwinStrand Biosciences","Software Engineer","Seattle, WA","https://www.indeed.com/viewjob?jk=800c481e73e8b594"
"Wyze Labs","Software Engineer (Cloud Service Development)","Kirkland, WA","https://www.indeed.com/viewjob?jk=301f105ef436c3ca"
"ActZero.ai","Senior Software Engineer","Seattle, WA","https://www.indeed.com/viewjob?jk=8c0fc8c541d1d08d"
"Bytedance","Switch Software Development Engineer","Seattle, WA","https://www.indeed.com/viewjob?jk=133cdc420e4545f3"
"StratusCore","Senior Full Stack C# Developer","Seattle, WA","https://www.indeed.com/viewjob?jk=85234ec5b6f0cff6"
"Sirqul, Inc","Full Stack & IoT/Mobile Engineer","Seattle, WA","https://www.indeed.com/viewjob?jk=c31d44b52947e70d"
"Sage Bionetworks","Bioinformatics Engineer - Informatics Workflows","Seattle, WA","https://www.indeed.com/viewjob?jk=c282ed8b552c0f38"
"Smoothstack","Entry Level - Software Developer","United States","https://www.indeed.com/viewjob?jk=29b56b2ad42143b4"
"BillGO","Software Engineer - Scalability","Redmond, WA","https://www.indeed.com/viewjob?jk=a1bd6b5737c3a397"
"Optimal","Software Engineer","Kirkland, WA","https://www.indeed.com/viewjob?jk=12c48cd444fd3d2b"
"BillGO","Senior Software Engineer - Scalability","Redmond, WA","https://www.indeed.com/viewjob?jk=56ced0d4714762b5"
"Seen by Indeed","Python Developer","Seattle, WA","https://www.indeed.com/viewjob?jk=1b87da27e151208e"
"Highbrow Technologies","Devops Engineer","Bellevue, WA","https://www.indeed.com/viewjob?jk=c8a042e40e253757"
"Stormhaven","Backend Engineer","Seattle, WA","https://www.indeed.com/viewjob?jk=ef95275ef6af429f"
"Jobscan","Senior Software Engineer","Seattle, WA","https://www.indeed.com/viewjob?jk=01f93c6bea2224a7"
"Bytedance","Software Engineer in ML Systems","Seattle, WA","https://www.indeed.com/viewjob?jk=6e9b4dcc46d79d4b"
"Cloudbigdata Technologies","Azure Cloud Engineer","Redmond, WA","https://www.indeed.com/viewjob?jk=f6cd2f6b2d089bd3"
"Applied Research in Acoustics LLC","Senior Software Engineer","Seattle, WA","https://www.indeed.com/viewjob?jk=6303a65c01c27ade"
"Rational","Business Intelligence Engineer","Bellevue, WA","https://www.indeed.com/viewjob?jk=725816b2e78285b4"
"Performance","Systems or Software Engineer - Flight Contols","Bothell, WA","https://www.indeed.com/viewjob?jk=5483c0873ddbf22f"
"Smoothstack","Entry Level - Software Developer","United States","https://www.indeed.com/viewjob?jk=29b56b2ad42143b4"
"BillGO","Software Engineer - Scalability","Redmond, WA","https://www.indeed.com/viewjob?jk=a1bd6b5737c3a397"
"Optimal","Software Engineer","Kirkland, WA","https://www.indeed.com/viewjob?jk=12c48cd444fd3d2b"
"BillGO","Senior Software Engineer - Scalability","Redmond, WA","https://www.indeed.com/viewjob?jk=56ced0d4714762b5"
"Seen by Indeed","Python Developer","Seattle, WA","https://www.indeed.com/viewjob?jk=1b87da27e151208e"
"BillGO","Senior Software Engineer","Redmond, WA","https://www.indeed.com/viewjob?jk=f1b6366a9b23a524"
"HBO Max","Machine Learning Engineer - HBO Max","Seattle, WA","https://www.indeed.com/viewjob?jk=ccd46cd76294ca98"
"Accolade","Principal Software Engineer","Seattle, WA","https://www.indeed.com/viewjob?jk=5a9ebfe3389e02ad"
"Gradient.io","Senior Backend Engineer","Seattle, WA","https://www.indeed.com/viewjob?jk=e2dd03ac1807b35c"
"NSFWjobs","Machine Learning Software Engineer","Seattle, WA","https://www.indeed.com/viewjob?jk=94e30134ccd5a390"
"Smoothstack","Entry Level - Software Developer","United States","https://www.indeed.com/viewjob?jk=29b56b2ad42143b4"
"BillGO","Software Engineer - Scalability","Redmond, WA","https://www.indeed.com/viewjob?jk=a1bd6b5737c3a397"
"Optimal","Software Engineer","Kirkland, WA","https://www.indeed.com/viewjob?jk=12c48cd444fd3d2b"
"BillGO","Senior Software Engineer - Scalability","Redmond, WA","https://www.indeed.com/viewjob?jk=56ced0d4714762b5"
"Seen by Indeed","Python Developer","Seattle, WA","https://www.indeed.com/viewjob?jk=1b87da27e151208e"
"LabKey","Scientific Technical Account Manager","Seattle, WA","https://www.indeed.com/viewjob?jk=4dd31ea96cc30b7f"
"Accolade","Principal Software Engineer","Seattle, WA","https://www.indeed.com/viewjob?jk=5a9ebfe3389e02ad"
"Gradient.io","Senior Backend Engineer","Seattle, WA","https://www.indeed.com/viewjob?jk=e2dd03ac1807b35c"
"NSFWjobs","Machine Learning Software Engineer","Seattle, WA","https://www.indeed.com/viewjob?jk=94e30134ccd5a390"
"Redcley","Machine Learning Engineer","Redmond, WA","https://www.indeed.com/viewjob?jk=f5d6430ea04a9d9b"
"BillGO","Software Engineer - Scalability","Redmond, WA","https://www.indeed.com/viewjob?jk=a1bd6b5737c3a397"
"Optimal","Software Engineer","Kirkland, WA","https://www.indeed.com/viewjob?jk=12c48cd444fd3d2b"
"BillGO","Senior Software Engineer - Scalability","Redmond, WA","https://www.indeed.com/viewjob?jk=56ced0d4714762b5"
"Seen by Indeed","Python Developer","Seattle, WA","https://www.indeed.com/viewjob?jk=1b87da27e151208e"
"LabKey","Scientific Technical Account Manager","Seattle, WA","https://www.indeed.com/viewjob?jk=4dd31ea96cc30b7f"
"Accolade","Principal Software Engineer","Seattle, WA","https://www.indeed.com/viewjob?jk=5a9ebfe3389e02ad"
"Gradient.io","Senior Frontend Engineer","Seattle, WA","https://www.indeed.com/viewjob?jk=3d57ef20376f8499"
"Gradient.io","Senior Full-stack Engineer","Seattle, WA","https://www.indeed.com/viewjob?jk=3295fb1d217828d1"
"Redcley","Machine Learning Engineer","Redmond, WA","https://www.indeed.com/viewjob?jk=f5d6430ea04a9d9b"
"Shark Analytics","Cloud Software Engineer","Bellevue, WA","https://www.indeed.com/viewjob?jk=886349e1cc3c5ee1"
"Jobscan","Senior Software Engineer","Seattle, WA","https://www.indeed.com/viewjob?jk=01f93c6bea2224a7"
"TwinStrand Biosciences","Senior Software Engineer","Seattle, WA","https://www.indeed.com/viewjob?jk=d3b81257c43c5ede"
"Bytedance","Network Software Development Engineer","Seattle, WA","https://www.indeed.com/viewjob?jk=9ba365de85da7b32"
"Owl Insights","Senior Full Stack Engineer","Seattle, WA","https://www.indeed.com/viewjob?jk=3cf0cd19026f7481"
"Wyze Labs","Research/Applied Scientist","Kirkland, WA","https://www.indeed.com/viewjob?jk=88d4ded4b37a6c36"
"Pioneer Square Labs","Senior Software Engineer - NextStep","Seattle, WA","https://www.indeed.com/viewjob?jk=84ceda2ab3983167"
"SmarTek21, LLC","QA Automation Engineer","Bellevue, WA","https://www.indeed.com/viewjob?jk=f094b9df9a4593b4"
"Smoothstack","Entry Level - Software Developer","United States","https://www.indeed.com/viewjob?jk=29b56b2ad42143b4"
"BillGO","Software Engineer - Scalability","Redmond, WA","https://www.indeed.com/viewjob?jk=a1bd6b5737c3a397"
"Optimal","Software Engineer","Kirkland, WA","https://www.indeed.com/viewjob?jk=12c48cd444fd3d2b"
"BillGO","Senior Software Engineer - Scalability","Redmond, WA","https://www.indeed.com/viewjob?jk=56ced0d4714762b5"
"Seen by Indeed","Python Developer","Seattle, WA","https://www.indeed.com/viewjob?jk=1b87da27e151208e"
"Pensar Development","Embedded Systems Software Engineer","Seattle, WA","https://www.indeed.com/viewjob?jk=b3da38fda2b8ba8d"
"Tally","Senior Software Engineer - Backend / Data","Seattle, WA","https://www.indeed.com/viewjob?jk=d9083421d892fae3"
"Syllable","Senior Software Engineer","Bellevue, WA","https://www.indeed.com/viewjob?jk=5d3c340a3b89989b"
"Pivotal Commware","RF Systems Deployment Engineer","Kirkland, WA","https://www.indeed.com/viewjob?jk=058fe893fb6fe63c"
"HBO Max","Lead Content Machine Learning Engineer - HBO Max","Seattle, WA","https://www.indeed.com/viewjob?jk=df1993671dfa0fcf"
"Pioneer Square Labs","Senior Software Engineer - NextStep","Seattle, WA","https://www.indeed.com/viewjob?jk=84ceda2ab3983167"
"Smoothstack","Entry Level - Software Developer","United States","https://www.indeed.com/viewjob?jk=29b56b2ad42143b4"
"BillGO","Software Engineer - Scalability","Redmond, WA","https://www.indeed.com/viewjob?jk=a1bd6b5737c3a397"
"Optimal","Software Engineer","Kirkland, WA","https://www.indeed.com/viewjob?jk=12c48cd444fd3d2b"
"BillGO","Senior Software Engineer - Scalability","Redmond, WA","https://www.indeed.com/viewjob?jk=56ced0d4714762b5"
"Seen by Indeed","Python Developer","Seattle, WA","https://www.indeed.com/viewjob?jk=1b87da27e151208e"
"Leaseable","SENIOR SOFTWARE ENGINEER","Seattle, WA","https://www.indeed.com/viewjob?jk=3cbc7ea44158145f"
"Pivotal Commware","RF Systems Deployment Engineer","Kirkland, WA","https://www.indeed.com/viewjob?jk=058fe893fb6fe63c"
"Cimarron Software Service, Inc","Flight Software Architect","Kent, WA","https://www.indeed.com/viewjob?jk=f9c7b69c30f5c3ea"
"BIGBOX VR","Art Tools Software Engineer","Seattle, WA","https://www.indeed.com/viewjob?jk=43281b91b04ee5d6"
"Highbrow LLC","Site Reliability Engineer / Sr. DevOps","Seattle, WA","https://www.indeed.com/viewjob?jk=fd480f1e95bde06e"
"Pivotal Commware","Hardware and Software Integration Engineer","Kirkland, WA","https://www.indeed.com/viewjob?jk=56cd1e55b6f01b43"
"Performance","Systems or Software Engineer - Flight Contols","Bothell, WA","https://www.indeed.com/viewjob?jk=5483c0873ddbf22f"
"Moogsoft","Senior Software Development Engineer in Test","Seattle, WA","https://www.indeed.com/viewjob?jk=bcaa99c5b3c8902b"
"Pensar Development","Embedded Systems Software Engineer","Seattle, WA","https://www.indeed.com/viewjob?jk=b3da38fda2b8ba8d"
"Smoothstack","Entry Level - Software Developer","United States","https://www.indeed.com/viewjob?jk=29b56b2ad42143b4"
"BillGO","Software Engineer - Scalability","Redmond, WA","https://www.indeed.com/viewjob?jk=a1bd6b5737c3a397"
"Optimal","Software Engineer","Kirkland, WA","https://www.indeed.com/viewjob?jk=12c48cd444fd3d2b"
"BillGO","Senior Software Engineer - Scalability","Redmond, WA","https://www.indeed.com/viewjob?jk=56ced0d4714762b5"
"Gradient.io","Senior Full-stack Engineer","Seattle, WA","https://www.indeed.com/viewjob?jk=3295fb1d217828d1"
"NSFWjobs","Senior Software Automation Engineer","Seattle, WA","https://www.indeed.com/viewjob?jk=0e46cf7183d4ecaa"
"Bardy Diagnostics","Senior Full Stack Software Engineer","Seattle, WA","https://www.indeed.com/viewjob?jk=c29ca0b03f20a818"
"Optimal","Software Engineer","Kirkland, WA","https://www.indeed.com/viewjob?jk=12c48cd444fd3d2b"
"Smoothstack","Entry Level - Software Developer","United States","https://www.indeed.com/viewjob?jk=29b56b2ad42143b4"
"BillGO","Software Engineer - Scalability","Redmond, WA","https://www.indeed.com/viewjob?jk=a1bd6b5737c3a397"
"LabKey","Scientific Technical Account Manager","Seattle, WA","https://www.indeed.com/viewjob?jk=4dd31ea96cc30b7f"
"Seen by Indeed","Python Developer","Seattle, WA","https://www.indeed.com/viewjob?jk=1b87da27e151208e"
"Leaseable","SENIOR SOFTWARE ENGINEER","Seattle, WA","https://www.indeed.com/viewjob?jk=3cbc7ea44158145f"
"Hardwick Tech Recruiting","Sr Software Engineer","Seattle, WA","https://www.indeed.com/viewjob?jk=7792fe4f93407ded"
"Proprio","Software Development Engineer Lead (Test Engineering)","Seattle, WA","https://www.indeed.com/viewjob?jk=88de7510646bf60d"
"Highbrow Technologies","Security Engineer with Docker/Kubernetes Expertise","Bellevue, WA","https://www.indeed.com/viewjob?jk=73b56fda8765cde7"
"Highbrow LLC","Sr. DevOps Engineer / SRE","Seattle, WA","https://www.indeed.com/viewjob?jk=0c14a8b35d63d8eb"
"Pivotal Commware","Embedded Software Test Manager","Kirkland, WA","https://www.indeed.com/viewjob?jk=276afaae3171d6f3"
"BIGBOX VR","Art Tools Software Engineer","Seattle, WA","https://www.indeed.com/viewjob?jk=43281b91b04ee5d6"
"Gradient.io","Senior Frontend Engineer","Seattle, WA","https://www.indeed.com/viewjob?jk=3d57ef20376f8499"
"Smoothstack","Entry Level - Software Developer","United States","https://www.indeed.com/viewjob?jk=29b56b2ad42143b4"
"BillGO","Software Engineer - Scalability","Redmond, WA","https://www.indeed.com/viewjob?jk=a1bd6b5737c3a397"
"Optimal","Software Engineer","Kirkland, WA","https://www.indeed.com/viewjob?jk=12c48cd444fd3d2b"
"Seen by Indeed","Python Developer","Seattle, WA","https://www.indeed.com/viewjob?jk=1b87da27e151208e"
"Seen by Indeed","Python Developer","Seattle, WA","https://www.indeed.com/viewjob?jk=1b87da27e151208e"
"LabKey","Scientific Technical Account Manager","Seattle, WA","https://www.indeed.com/viewjob?jk=4dd31ea96cc30b7f"
"BIGBOX VR","Art Tools Software Engineer","Seattle, WA","https://www.indeed.com/viewjob?jk=43281b91b04ee5d6"
"Gradient.io","Senior Frontend Engineer","Seattle, WA","https://www.indeed.com/viewjob?jk=3d57ef20376f8499"
"Smoothstack","Entry Level - Software Developer","United States","https://www.indeed.com/viewjob?jk=29b56b2ad42143b4"
"BillGO","Software Engineer - Scalability","Redmond, WA","https://www.indeed.com/viewjob?jk=a1bd6b5737c3a397"
"Optimal","Software Engineer","Kirkland, WA","https://www.indeed.com/viewjob?jk=12c48cd444fd3d2b"
"BillGO","Senior Software Engineer - Scalability","Redmond, WA","https://www.indeed.com/viewjob?jk=56ced0d4714762b5"
"Seen by Indeed","Python Developer","Seattle, WA","https://www.indeed.com/viewjob?jk=1b87da27e151208e"
"NetMotion Software","Cloud DevOps Engineer","Seattle, WA","https://www.indeed.com/viewjob?jk=f3f203699e735984"
"Inspur USA Inc.","Principal Full-Stack Software Engineer","Redmond, WA","https://www.indeed.com/viewjob?jk=2ffc774acb422f7a"
"KarmaHub, INC","Senior Front End Developer","Redmond, WA","https://www.indeed.com/viewjob?jk=bfc53e626f0993d5"
"BillGO","Software Engineer - Scalability","Redmond, WA","https://www.indeed.com/viewjob?jk=a1bd6b5737c3a397"
"Seen by Indeed","Python Developer","Seattle, WA","https://www.indeed.com/viewjob?jk=1b87da27e151208e"
"System1","Senior Back-End Engineer, E-Commerce","Bellevue, WA","https://www.indeed.com/viewjob?jk=1ac3d00b51b156ce"
"Inspur USA Inc.","Principal Full-Stack Software Engineer","Redmond, WA","https://www.indeed.com/viewjob?jk=2ffc774acb422f7a"
"Smoothstack","Entry Level - Software Developer","United States","https://www.indeed.com/viewjob?jk=29b56b2ad42143b4"
"BillGO","Software Engineer - Scalability","Redmond, WA","https://www.indeed.com/viewjob?jk=a1bd6b5737c3a397"
"Optimal","Software Engineer","Kirkland, WA","https://www.indeed.com/viewjob?jk=12c48cd444fd3d2b"
"BillGO","Senior Software Engineer - Scalability","Redmond, WA","https://www.indeed.com/viewjob?jk=56ced0d4714762b5"
"Applied Research in Acoustics LLC","Senior R&D Scientist/Engineer","Seattle, WA","https://www.indeed.com/viewjob?jk=1b0cdac44c967bbe"
"DomainTools","Software Engineer 2 Backend","Seattle, WA","https://www.indeed.com/viewjob?jk=11a04f32bbf812ab"
"Optimal","Software Engineer","Kirkland, WA","https://www.indeed.com/viewjob?jk=12c48cd444fd3d2b"
"Smoothstack","Entry Level - Software Developer","United States","https://www.indeed.com/viewjob?jk=29b56b2ad42143b4"
"BillGO","Software Engineer - Scalability","Redmond, WA","https://www.indeed.com/viewjob?jk=a1bd6b5737c3a397"
"LabKey","Scientific Technical Account Manager","Seattle, WA","https://www.indeed.com/viewjob?jk=4dd31ea96cc30b7f"
"Seen by Indeed","Python Developer","Seattle, WA","https://www.indeed.com/viewjob?jk=1b87da27e151208e"
"Seen by Indeed","Python Developer","Seattle, WA","https://www.indeed.com/viewjob?jk=1b87da27e151208e"
"LabKey","Scientific Technical Account Manager","Seattle, WA","https://www.indeed.com/viewjob?jk=4dd31ea96cc30b7f"
"Smoothstack","Entry Level - Software Developer","United States","https://www.indeed.com/viewjob?jk=29b56b2ad42143b4"
"BillGO","Software Engineer - Scalability","Redmond, WA","https://www.indeed.com/viewjob?jk=a1bd6b5737c3a397"
"Optimal","Software Engineer","Kirkland, WA","https://www.indeed.com/viewjob?jk=12c48cd444fd3d2b"
"BillGO","Senior Software Engineer - Scalability","Redmond, WA","https://www.indeed.com/viewjob?jk=56ced0d4714762b5"
"BillGO","Software Engineer - Scalability","Redmond, WA","https://www.indeed.com/viewjob?jk=a1bd6b5737c3a397"
"BillGO","Senior Software Engineer - Scalability","Redmond, WA","https://www.indeed.com/viewjob?jk=56ced0d4714762b5"
"Lumotive, LLC","Principal Firmware Engineer","Bellevue, WA","https://www.indeed.com/viewjob?jk=cc827a021a5d3513"
"Optimal","Software Engineer","Kirkland, WA","https://www.indeed.com/viewjob?jk=12c48cd444fd3d2b"
"Seen by Indeed","Python Developer","Seattle, WA","https://www.indeed.com/viewjob?jk=1b87da27e151208e"
